Mês/Ano,Valor predito,
dez./2058,499.80267198,
jan./2059,499.9927725,
fev./2059,500.18271726,
mar./2059,500.37273418,
abr./2059,500.56305153,
mai./2059,500.75321293,
jun./2059,500.94344658,
jul./2059,501.133981,
ago./2059,501.3243593,
set./2059,501.51480992,
out./2059,501.70556165,
nov./2059,501.89615709,
dez./2059,502.08682494,
